{"cameraMode":{"drawMode":0,"name":"Shaded","section":"Shading Mode"},"sceneLighting":false,"audioPlay":false,"sceneViewState":{"showFog":true,"showMaterialUpdate":false,"showSkybox":true,"showFlares":true,"showImageEffects":true,"showParticleSystems":true},"in2DMode":false,"pivot":{"x":30.99924087524414,"y":0.9500000476837158,"z":-4.850851058959961},"rotation":{"x":-0.009309608489274979,"y":-0.008401386439800263,"z":0.00006264970579650253,"w":-0.999921441078186},"size":4.041658401489258,"orthographic":false}